player,task_name,match_day,date,session_duration,drill_duration,distance_m,dist_over_time,HSR_abs_dist,HSR_over_time,perc_HSR_abs,HMLD_m,distance_abs,sprints_abs_count,max_speed,acc,decc,acc_plus_decc,player_load,max_acc,max_dece,sprints_rel_count,drill_duration_aux,tiempo_efectivo,RPE,TL
Igor Lichnovsky,Drills,No,2025-12-18T00:00:00Z,67.1,61,5962.29124337357,96.76687889918965,17.0970882372036,0.2548001227601133,0.00286753657936538,980.689839960582,0,0,23.0322003364562,33,30,63,79.9158566372587,4.2095799446106,-7.95624351501465,0,37,0.9090909090909092,3,239.7475699117761
Santiago Naveda,Drills,No,2025-12-18T00:00:00Z,67.1,61,6482.11135289717,105.20545472034961,45.5328897408515,0.6785825594761774,0.007024391785633331,782.589599604682,12.3326696275939,1,25.673999691009602,27,28,55,105.025017597687,5.44916248321533,-5.37124490737915,0,37,0.9090909090909092,3,315.075052793061
Alejandro Zendejas,Drills,No,2025-12-18T00:00:00Z,67.1,61,6326.84492692832,102.6818509304129,42.9537666505017,0.6401455536587437,0.00678912904403296,1062.03174717081,9.39501014662027,1,25.7838000297546,41,29,70,65.967662471623,4.99666261672974,-5.99124526977539,0,37,0.9090909090909092,3,197.902987414869
Henry Martín,Drills,No,2025-12-18T00:00:00Z,67.1,61,6504.31109281478,105.5620470789207,35.9996124934308,0.536506892599565,0.00553473103911021,1135.96032287664,8.18524130040757,1,24.5423998832703,32,23,55,95.88872606846,4.44458484649658,-4.67333793640137,0,37,0.9090909090909092,3,287.66617820538
Victor Davila,Drills,No,2025-12-18T00:00:00Z,67.1,61,6156.10223535003,99.91509795525909,0,0,0,712.076019424678,0,0,20.7845998764038,23,12,35,43.0042127106202,4.3554162979126,-4.98624897003174,0,37,0.9090909090909092,3,129.0126381318606
Ralph Orquin,Drills,No,2025-12-18T00:00:00Z,67.1,61,6332.26106806199,102.7730883900086,68.1349532128464,1.015424041920215,0.0107599722248501,920.522762070484,30.9062548329256,3,26.1323999404907,43,29,72,75.2940606542342,4.95790958404541,-7.26290225982666,0,37,0.9090909090909092,3,225.8821819627026
Erick Sanchez,Drills,No,2025-12-18T00:00:00Z,67.1,61,5919.56032215076,96.07414362123785,266.956252257432,3.97848364020018,0.0450973109030568,1201.83981668129,0,0,23.6513995170594,36,30,66,89.6015267277817,4.50666570663452,-4.49333190917969,0,37,0.9090909090909092,3,268.8045801833451
Alan Cervantes,Drills,No,2025-12-18T00:00:00Z,67.1,61,6565.97528219428,106.5652504795013,16.4039961384715,0.2444708813483085,0.0024983335199199,891.189081072277,0,0,22.1591998100281,27,33,60,105.887973746195,4.69999027252197,-5.31331872940063,0,37,0.9090909090909092,3,317.663921238585
Brian Rodriguez,Drills,No,2025-12-18T00:00:00Z,67.1,61,6027.30064442428,97.82249861111445,90.3997229681421,1.347238792371716,0.0149983762717675,824.788299809357,0,0,23.9195998191834,29,19,48,73.7883042907644,4.934166431427,-4.44708204269409,0,37,0.9090909090909092,3,221.3649128722932
Sebastián Cáceres,Drills,No,2025-12-18T00:00:00Z,67.1,61,6177.64988633522,100.2621096540651,44.0872430032198,0.6570378987067035,0.00713657196739807,905.324943683051,8.07048657969373,1,25.0818002700806,51,48,99,88.3755853703764,4.74041557312012,-6.4854154586792,0,37,0.9090909090909092,3,265.1267561111292
Miguel  Vazquez,Drills,No,2025-12-18T00:00:00Z,67.1,61,5921.53867321698,96.10833192932755,94.9078074870699,1.414423360463039,0.0160275584986612,1119.8414154306,0,0,22.5660003662109,44,39,83,91.7611383347379,4.21833038330078,-4.94207906723022,0,37,0.9090909090909092,3,275.2834150042137
Jonathan Dos Santos,Drills,No,2025-12-18T00:00:00Z,67.1,61,5990.37207660815,97.22315157551476,57.763692567081,0.8608597998074665,0.009642755379526911,1098.48988122109,19.8686947213773,2,25.2407999038696,53,40,93,94.756267519494,4.58416557312012,-5.98624801635742,0,37,0.9090909090909092,3,284.268802558482
Jose Zuniga,Drills,No,2025-12-18T00:00:00Z,67.1,61,5978.84420640342,97.03343063370784,162.765224059876,2.425711237852102,0.0272235265614637,1128.86607937463,14.0119057749583,1,27.9468000411986,40,15,55,79.8782884678479,5.42249584197998,-4.74332904815674,0,37,0.9090909090909092,3,239.6348654035437
Cristian Borja,Drills,No,2025-12-18T00:00:00Z,67.1,61,5895.32513608657,95.67977261150371,24.8567408610081,0.3704432319077213,0.00421634774795619,813.881053643436,0,0,23.9357997894287,24,18,42,139.140381860207,4.73208284378052,-5.02874851226807,0,37,0.9090909090909092,3,417.421145580621
Álvaro Fidalgo,Drills,No,2025-12-18T00:00:00Z,67.1,61,6192.58045546077,100.5008959428639,14.7886305768814,0.2203968789401103,0.00238812086225548,916.410834901431,0,0,21.4920001029968,27,14,41,77.8841033607627,5.27999830245972,-4.93999862670898,0,37,0.9090909090909092,3,233.6523100822881
Patricio Salas,Drills,No,2025-12-18T00:00:00Z,67.1,61,6079.14252460522,98.6660223642916,61.5706119485794,0.9175948129445515,0.0101281737842752,988.937884721547,0,0,21.9708003044128,19,19,38,232.307014363572,3.71249914169312,-4.41208457946777,0,37,0.9090909090909092,3,696.921043090716
Ramón Juárez,Drills,No,2025-12-18T00:00:00Z,67.1,61,6158.50031931347,99.9507750123909,0,0,0,896.255324895661,0,0,20.2907999038698,35,27,62,93.5089510701451,4.475830078125,-6.12416124343872,0,37,0.9090909090909092,3,280.5268532104353
Israel Reyes,Drills,No,2025-12-18T00:00:00Z,67.1,61,6280.51487014447,101.9337950478163,34.3504765816683,0.5119296062841774,0.00546937270142602,893.123205490066,0,0,23.0160003662109,34,39,73,93.6254880105831,4.30291318893433,-5.87582778930664,0,37,0.9090909090909092,3,280.8764640317493
Kevin Álvarez,Drills,No,2025-12-18T00:00:00Z,67.1,61,6044.13824502999,98.09577121837857,399.967637668155,5.960769562863712,0.0661744687916499,1515.71626282983,25.2055812288452,2,26.3226001739502,56,47,103,79.0240589884943,4.63166236877441,-6.91916131973267,0,37,0.9090909090909092,3,237.0721769654829
Diego Arriaga,Drills,No,2025-12-18T00:00:00Z,67.1,61,6482.11135289717,105.20545472034961,45.5328897408515,0.6785825594761774,0.007024391785633331,782.589599604682,12.3326696275939,1,25.673999691009602,27,28,55,105.025017597687,5.44916248321533,-5.37124490737915,0,37,0.9090909090909092,3,315.075052793061
Nestor Araujo,Drills,No,2025-12-18T00:00:00Z,67.1,66,6634.35615808519,99.5840553694828,310.782659350152,4.631634267513443,0.0468444340256599,836.275793553722,274.260772885194,4,30.4385999679565,33,14,47,91.6578499316618,5.59957790374756,-4.62666320800781,0,37,0.9836065573770493,3,274.9735497949854
Alexis Gutierrez,Drills,No,2025-12-18T00:00:00Z,67.1,61,6459.96459056953,104.845726467516,77.0155403677872,1.147772583722611,0.0119219756220053,1033.14439780138,6.68587969274899,1,24.2987998008728,46,31,77,111.294432918556,4.82166194915771,-5.37166213989258,0,37,0.9090909090909092,3,333.883298755668
Rodrigo Aguirre,Drills,No,2025-12-18T00:00:00Z,67.1,61,6282.710179197,101.9680461449334,24.6362643897445,0.3671574424701118,0.00392127978007308,740.898001268013,0,0,22.7274001121521,20,21,41,78.2368085495929,4.89041233062744,-4.85332632064819,0,37,0.9090909090909092,3,234.7104256487787
Nestor Araujo,Drills,No,2025-12-19T00:00:00Z,61.43,49,3704.08233053907,74.67180275858341,37.0299832047322,0.6027996614802572,0.00999707347199896,790.416427859421,0,0,23.8589999198914,79,56,135,55.4788948163627,4.86790943145752,-6.19290781021118,0,36,0.7976558684681752,3,166.4366844490881
Alexis Gutierrez,Drills,No,2025-12-19T00:00:00Z,61.43,49,3718.23466100424,74.95609682402637,0,0,0,876.126791206224,0,0,20.5716001510619,67,40,107,68.7433100228085,4.62333011627197,-5.88166475296021,0,36,0.7976558684681752,3,206.2299300684255
Israel Reyes,Drills,No,2025-12-19T00:00:00Z,61.43,49,3636.33433795098,73.30508834106001,13.6598412890896,0.222364338093596,0.00375648662075082,611.99189893552,8.88869413511351,1,24.1325998306273,58,35,93,61.3341395675722,4.14916276931763,-6.0424952507019,0,36,0.7976558684681752,3,184.0024187027166
Ramón Juárez,Drills,No,2025-12-19T00:00:00Z,61.43,49,3720.7405049919,75.00610825323432,7.89605329350087,0.1285374132101721,0.00212217253068501,630.260979623422,0,0,22.7183999061585,53,39,92,59.0535800428165,4.41124582290649,-5.59874534606934,0,36,0.7976558684681752,3,177.1607401284495
Diego Arriaga,Drills,No,2025-12-19T00:00:00Z,61.43,49,3889.03764121985,78.40169424279998,66.2069052729428,1.077761765797539,0.0170239816069706,746.494053473195,0,0,23.603399848938,62,44,106,68.8655012580689,4.95791244506836,-4.91915988922119,0,36,0.7976558684681752,3,206.5965037742067
Kevin Álvarez,Drills,No,2025-12-19T00:00:00Z,61.43,49,3666.73934353161,73.91799988976243,190.044479808798,3.093675399785089,0.0518292853687705,867.423246685291,79.7228276461609,4,28.3698002815247,64,39,103,154.570178320926,4.86291313171387,-7.05249452590942,0,36,0.7976558684681752,3,463.710534962778
Rodrigo Aguirre,Drills,No,2025-12-19T00:00:00Z,61.43,49,3637.22293308465,73.32420873878768,49.087023540906,0.7990724978171252,0.0134957423407854,649.242739133389,9.09131038739741,1,24.9947999954223,38,22,60,53.4029845933422,4.882493019104,-4.90124273300171,0,36,0.7976558684681752,3,160.2089537800266
Erick Sanchez,Drills,No,2025-12-19T00:00:00Z,61.43,49,3510.7648969667,70.77394024096938,145.277439823425,2.364926580228309,0.0413805663685838,636.742976425853,44.6572597993013,2,25.496399974823,43,39,82,58.0248431382155,4.15541553497314,-5.00541543960571,0,36,0.7976558684681752,3,174.0745294146465
Ralph Orquin,Drills,No,2025-12-19T00:00:00Z,61.43,49,3904.56262951637,78.71414384864971,89.0615072281543,1.449804773370573,0.0228095988408273,790.00248197036,15.6888842768541,1,24.0696001052856,52,50,102,53.1178203154371,5.44999217987061,-5.36749219894409,0,36,0.7976558684681752,3,159.3534609463113
Brian Rodriguez,Drills,No,2025-12-19T00:00:00Z,61.43,49,3585.60487073633,72.28337703791627,21.9281226547751,0.3569611371443122,0.00611559930480348,579.156859851931,0,0,21.2501998901367,46,33,79,43.6240371023925,5.97041273117065,-5.16083192825317,0,36,0.7976558684681752,3,130.8721113071775
Alan Cervantes,Drills,No,2025-12-19T00:00:00Z,61.43,49,3880.32650471761,78.22686916684529,17.3222621907608,0.2819837569715253,0.00446412490539155,610.629779104346,0,0,22.4670001029968,27,31,58,64.231420119996,4.66915559768677,-4.72207307815552,0,36,0.7976558684681752,3,192.694260359988
Igor Lichnovsky,Drills,No,2025-12-19T00:00:00Z,61.43,49,3686.52354517277,74.3170803913444,22.6018157567199,0.3679279791098796,0.00613092944606723,528.784321763375,0,0,23.3297996520996,39,38,77,53.5342724668092,5.36499786376953,-4.84957981109619,0,36,0.7976558684681752,3,160.6028174004276
Santiago Naveda,Drills,No,2025-12-19T00:00:00Z,61.43,49,3682.55303015038,74.23803600770854,23.6267563319207,0.3846126702249829,0.006415863162995889,576.369112152264,0,0,21.9929995536804,54,23,77,53.4584142143779,4.13999891281128,-4.52124881744385,0,36,0.7976558684681752,3,160.3752426431337
Victor Davila,Drills,No,2025-12-19T00:00:00Z,61.43,49,3599.71836702948,72.5664327185206,58.1282367153768,0.9462516150964806,0.0161479957009372,567.208951087947,0,0,23.6435997962951,34,29,63,31.9301084040196,4.65833234786987,-6.69708156585693,0,36,0.7976558684681752,3,95.7903252120588
Alejandro Zendejas,Drills,No,2025-12-19T00:00:00Z,61.43,48,3713.17626098945,76.52851414338608,38.8694725445797,0.6327441403968697,0.0104679847689811,791.991678393096,0,0,23.071199798584,54,41,95,57.8490870044591,4.51708507537842,-4.8200044631958,0,31,0.781377177274947,3,173.5472610133773
Henry Martín,Drills,No,2025-12-19T00:00:00Z,61.43,49,3843.69751338109,77.48869390594228,38.8694725445797,0.6327441403968697,0.0101125211880652,825.655486883206,0,0,23.071199798584,54,43,97,59.9447242844292,4.51708507537842,-4.8200044631958,0,36,0.7976558684681752,3,179.8341728532876
Álvaro Fidalgo,Drills,No,2025-12-19T00:00:00Z,61.43,49,3717.6309774653,74.94594158686871,68.7374982234393,1.118956506974431,0.0184895969073038,626.277854200108,34.9076266478127,2,24.7878001213074,50,27,77,49.1268202116188,4.61874866485596,-5.85791158676147,0,36,0.7976558684681752,3,147.3804606348564
Cristian Borja,Drills,No,2025-12-19T00:00:00Z,61.43,49,3211.06540103763,64.7318263579624,9.77904678155678,0.1591900827210936,0.00304542124193321,447.203820208693,0,0,23.4660000801086,33,28,61,81.6714773397806,4.87624883651733,-5.22083234786987,0,36,0.7976558684681752,3,245.0144320193418
Patricio Salas,Drills,No,2025-12-19T00:00:00Z,61.43,49,3639.14076553251,73.36284642879842,40.3312814658438,0.6565404764096338,0.011082638475498,622.088053634012,0,0,23.7953999519348,35,30,65,50.8095260573362,4.67541646957397,-5.50124979019165,0,36,0.7976558684681752,3,152.4285781720086
Miguel  Vazquez,Drills,No,2025-12-19T00:00:00Z,61.43,49,3560.90015521662,71.78679380054538,116.711463095444,1.899909866440566,0.0327758313932124,594.320480196958,38.6049921317027,1,25.6589999198913,40,34,74,58.640124670407,4.18541383743286,-5.31999588012695,0,36,0.7976558684681752,3,175.92037401122101
Sebastián Cáceres,Drills,No,2025-12-19T00:00:00Z,61.43,49,3731.99840945613,75.23406653452355,29.9684059242379,0.4878464255939752,0.00803012290903019,724.763099830328,12.7461819620519,1,25.8755999565124,75,53,128,55.9540254100401,4.68957948684692,-5.76166486740112,0,36,0.7976558684681752,3,167.8620762301203
Jose Zuniga,Drills,No,2025-12-19T00:00:00Z,61.43,49,3399.31722845058,68.5293252561243,46.3706880094781,0.7548541105238173,0.0136411770050111,743.265541679817,0,0,26.8500002861023,68,31,99,51.6854001368453,6.4604115486145,-5.6858286857605,0,36,0.7976558684681752,3,155.0562004105359
Jonathan Dos Santos,Drills,No,2025-12-19T00:00:00Z,61.43,49,3548.07272961108,71.5272350212396,143.219752531313,2.331430124227788,0.0403655064159332,859.674471293234,0,0,23.4683999061585,88,61,149,63.980445933955,5.97208166122437,-6.39458179473877,0,36,0.7976558684681752,3,191.941337801865
Erick Sanchez,Drills,No,2025-12-20T00:00:00Z,52.26,22,2853.50911321042,127.4978938769224,17.4708585911973,0.3343065172444948,0.006122587276948021,548.230366575185,0,0,21.0413998603821,27,35,62,41.8742940023034,3.81000137329102,-5.08541822433472,0,23,0.4209720627631076,3,125.6228820069102
Nestor Araujo,Drills,No,2025-12-20T00:00:00Z,52.26,22,2728.91469341516,121.9263397162183,0,0,0,417.724507476858,0,0,20.6141999244689,17,21,38,39.5341265618674,4.81749296188354,-4.92749691009521,0,23,0.4209720627631076,3,118.6023796856022
Ralph Orquin,Drills,No,2025-12-20T00:00:00Z,52.26,22,3524.62679519314,157.4689181607979,76.6473688477386,1.466654589508967,0.0217462367795279,846.134618393994,0,0,22.3517998695373,45,38,83,41.8074051916913,4.60291004180908,-5.63040542602539,0,23,0.4209720627631076,3,125.4222155750739
Alexis Gutierrez,Drills,No,2025-12-20T00:00:00Z,52.26,22,3439.4787007349,153.6704981228314,80.2348009133464,1.535300438449032,0.0233276051095193,749.4220761004,0,0,23.0904001235962,52,40,92,52.9623156565481,4.18083000183105,-5.34874534606934,0,23,0.4209720627631076,3,158.8869469696443
Brian Rodriguez,Drills,No,2025-12-20T00:00:00Z,52.26,22,2760.51545343963,123.3428359134511,0,0,0,376.106547061991,0,0,20.5817999839783,40,17,57,31.6223419471341,4.25583028793335,-4.1670823097229,0,23,0.4209720627631076,3,94.8670258414023
Alan Cervantes,Drills,No,2025-12-20T00:00:00Z,52.26,22,3075.4685806763,137.4050521915023,0,0,0,560.966726583463,0,0,20.981999874115,28,37,65,47.7680638241493,3.88540863990784,-5.02040338516235,0,23,0.4209720627631076,3,143.3041914724479
Israel Reyes,Drills,No,2025-12-20T00:00:00Z,52.26,22,3167.20642686974,141.5079086552222,25.4569816854111,0.4871217314468255,0.00803767682126456,561.866775600951,0,0,21.6041999816895,31,40,71,46.4851419447252,3.99958062171936,-6.70666170120239,0,23,0.4209720627631076,3,139.4554258341756
Igor Lichnovsky,Drills,No,2025-12-20T00:00:00Z,52.26,20,3148.32056590997,152.1503579894148,0,0,0,648.9465468743,0,0,20.5182000160217,38,33,71,44.7448321380569,4.24999666213989,-5.67874813079834,0,41,0.3827018752391887,3,134.2344964141707
Ramón Juárez,Drills,No,2025-12-20T00:00:00Z,52.26,20,3238.37858542026,156.501373395312,0,0,0,698.544859699192,0,0,20.171399974823,41,32,73,47.1850654102479,4.15916347503662,-6.41832399368286,0,41,0.3827018752391887,3,141.5551962307437
Santiago Naveda,Drills,No,2025-12-20T00:00:00Z,52.26,22,3340.77347033973,149.2705074471894,63.1928531640233,1.209201170379321,0.0189156354733615,613.873053187694,0,0,22.5234000205994,38,41,79,38.1430212658459,4.19374656677246,-4.4354133605957,0,23,0.4209720627631076,3,114.4290637975377
Diego Arriaga,Drills,No,2025-12-20T00:00:00Z,52.26,22,2988.52014785019,133.5223793280449,0,0,0,435.691792561843,0,0,19.8845998764037,24,30,54,45.9776314183132,3.96499705314636,-5.96290826797485,0,23,0.4209720627631076,3,137.9328942549396
Isaias Violante,Drills,No,2025-12-20T00:00:00Z,52.26,20,2395.9472278824,115.7900603875412,0,0,0,332.609478359574,0,0,18.8099999427795,11,17,28,27.14361414035,3.79874730110168,-4.31041383743286,0,41,0.3827018752391887,3,81.43084242105
Alejandro Zendejas,Drills,No,2025-12-20T00:00:00Z,52.26,22,3035.48683900551,135.6318868800961,0,0,0,484.502340024637,0,0,20.0700001716614,21,14,35,30.7341151480051,3.74916362762451,-3.91791343688965,0,23,0.4209720627631076,3,92.2023454440153
Kevin Álvarez,Drills,No,2025-12-20T00:00:00Z,52.26,22,3437.63967813445,153.5894771751609,17.0304629793898,0.3258795059202028,0.00495411519936607,859.570937601223,0,0,21.1680004119874,45,40,85,43.9437215103644,4.22583198547363,-5.46166515350342,0,23,0.4209720627631076,3,131.8311645310932
Henry Martín,Drills,No,2025-12-20T00:00:00Z,52.26,20,2565.5645272593,123.9882334844046,0,0,0,380.836179150865,0,0,19.4406000137331,29,22,51,36.8608360958985,3.94292044639587,-4.71917104721069,0,41,0.3827018752391887,3,110.5825082876955
Victor Davila,Drills,No,2025-12-20T00:00:00Z,52.26,20,2549.54183214466,123.2119061235881,0,0,0,325.214542033105,0,0,18.5645999908448,18,14,32,16.3349759237916,3.97291564941406,-4.21249914169312,0,41,0.3827018752391887,3,49.0049277713748
Álvaro Fidalgo,Drills,No,2025-12-20T00:00:00Z,52.26,22,3290.56973882566,147.0163851918474,0,0,0,540.251760412766,0,0,19.9121998786926,19,35,54,42.3245209078427,3.71999931335449,-4.73124885559082,0,23,0.4209720627631076,3,126.9735627235281
Cristian Borja,Drills,No,2025-12-20T00:00:00Z,52.26,22,2836.91765467508,126.7490184004414,0,0,0,465.338296848068,0,0,20.248800086975,28,32,60,61.5606503647546,4.34916591644287,-4.63916492462158,0,23,0.4209720627631076,3,184.6819510942638
Patricio Salas,Drills,No,2025-12-20T00:00:00Z,52.26,20,2723.90872925202,131.6427899759333,0,0,0,530.350198442183,0,0,20.4569998741151,27,18,45,84.3193808559344,3.89791798591614,-4.01374912261963,0,41,0.3827018752391887,3,252.9581425678032
Miguel  Vazquez,Drills,No,2025-12-20T00:00:00Z,52.26,20,3111.34517650856,150.3755431965666,0,0,0,636.779016406598,0,0,20.085599899292,17,28,45,39.0819991032976,3.82833027839661,-5.50916242599487,0,41,0.3827018752391887,3,117.2459973098928
Rodrigo Aguirre,Drills,No,2025-12-20T00:00:00Z,52.26,20,2916.41711716611,140.9407813055991,0,0,0,419.443135970475,0,0,20.0879997253419,16,11,27,33.9155034055388,3.86083006858826,-4.04666090011597,0,41,0.3827018752391887,3,101.7465102166164
Jose Zuniga,Drills,No,2025-12-20T00:00:00Z,52.26,20,2971.56099488109,143.6080156684618,0,0,0,514.457343522062,0,0,20.2619997024536,32,20,52,34.9243549000373,4.76541233062744,-4.05041313171387,0,41,0.3827018752391887,3,104.7730647001119
Sebastián Cáceres,Drills,No,2025-12-20T00:00:00Z,52.26,20,2907.83379946606,140.5248461354776,0,0,0,543.816324108974,0,0,20.7450001716614,33,29,62,39.1578937242867,3.84124708175659,-4.86957931518555,0,41,0.3827018752391887,3,117.4736811728601
Jonathan Dos Santos,Drills,No,2025-12-20T00:00:00Z,52.26,20,3178.81417337761,153.6215620817983,38.1948209334782,0.7308614797833562,0.0120154305505989,758.111951676828,0,0,21.8718000411986,47,34,81,45.3540450373211,5.37166500091553,-7.26458168029785,0,41,0.3827018752391887,3,136.0621351119633
Allan Maximin,Drills,No,2025-12-20T00:00:00Z,52.26,22,3159.75991916935,141.1699493284692,81.9674148678317,1.568454168921388,0.0259410262059972,713.391948860551,0,0,23.1839999198913,19,13,32,43.2400359220985,4.60500144958496,-4.47958183288574,0,23,0.4209720627631076,3,129.7201077662955
Brian Rodriguez,Drills,No,2025-12-21T00:00:00Z,75.1,61,4962.67738095171,80.55248313452329,363.246143374945,4.836832801264248,0.07319559896623469,845.292076673912,36.3536788123598,2,26.3027998924255,17,18,35,57.8979575759985,4.36207962036133,-5.52457904815674,0,36,0.8122503328894808,3,173.6938727279955
Alan Cervantes,Drills,No,2025-12-21T00:00:00Z,75.1,64,5360.59884056135,83.68155918421701,34.1395122263793,0.4545873798452637,0.00636860045710944,970.733963898737,0,0,22.681799697876,20,19,39,82.466219728855,4.43082427978516,-5.32373905181885,0,3,0.85219707057257,3,247.398659186565
Erick Sanchez,Drills,No,2025-12-21T00:00:00Z,75.1,64,4467.07196939874,69.73316946586752,493.599167878273,6.572558826608163,0.110497249934549,920.132100374544,236.409467619099,5,26.9741998672485,19,22,41,65.1742397796115,4.17249917984009,-5.00208234786987,0,3,0.85219707057257,3,195.5227193388345
Ralph Orquin,Drills,No,2025-12-21T00:00:00Z,75.1,64,4976.38737383307,77.68443737543625,83.0576342959921,1.105960509933317,0.0166903474461669,799.693786098017,23.9514363558709,2,25.8552000045777,35,32,67,59.5714415789912,5.33624219894409,-5.24415922164917,0,3,0.85219707057257,3,178.7143247369736
Victor Davila,Drills,No,2025-12-21T00:00:00Z,75.1,61,4996.17744909083,81.09624479111204,170.672020247186,2.27259680755241,0.0341605201148818,822.172278843583,24.8032770004885,2,26.0309998512268,37,32,69,65.3293178176032,5.46541213989258,-5.01707935333252,0,36,0.8122503328894808,3,195.9879534528096
Isaias Violante,Drills,No,2025-12-21T00:00:00Z,75.1,64,5173.55510580644,80.76171537096668,387.346152346994,5.157738380119761,0.0748704023491049,872.415225052055,55.5856561801794,3,26.3027998924255,17,19,36,60.8978087880818,4.36207962036133,-5.52457904815674,0,3,0.85219707057257,3,182.6934263642454
Henry Martín,Drills,No,2025-12-21T00:00:00Z,75.1,44,3754.83380431771,84.05340715252754,46.8208909235964,0.6234472826044795,0.0124694975499999,549.929436299451,15.4732110270069,1,25.7454002380371,13,19,32,52.7378913735334,3.84541797637939,-5.20083808898926,0,40,0.5858854860186419,3,158.2136741206002
Alejandro Zendejas,Drills,No,2025-12-21T00:00:00Z,75.1,64,5467.84888597013,85.35400808039437,151.095624820231,2.011925763252077,0.0276334675612423,1013.51763661082,37.1803035448802,4,25.5654001235962,48,34,82,107.634169505133,5.5433292388916,-6.10624504089355,0,3,0.85219707057257,3,322.902508515399
Santiago Naveda,Drills,No,2025-12-21T00:00:00Z,75.1,64,5403.62328964258,84.35363072642603,374.186677067566,4.982512344441624,0.0692473655195005,1004.46903721818,52.5860219530019,2,25.8582003593445,29,24,53,72.3074211667574,4.52666282653809,-5.5779128074646,0,3,0.85219707057257,3,216.9222635002722
Igor Lichnovsky,Drills,No,2025-12-21T00:00:00Z,75.1,64,5268.97107049333,82.25077706768928,361.675958014831,4.815924873699481,0.0686426160204687,1055.07689328783,83.4058715022098,4,29.5926003456116,40,39,79,72.9923403373739,4.9183292388916,-6.98457765579224,0,3,0.85219707057257,3,218.9770210121217
Patricio Salas,Drills,No,2025-12-21T00:00:00Z,75.1,64,5017.43600672154,78.3244164043138,441.796344820232,5.88277423196048,0.0880522131679179,1005.70840419932,45.8138943139929,1,24.1170001029968,29,40,69,63.2492725150041,4.82999849319458,-5.18500137329102,0,3,0.85219707057257,3,189.7478175450123
Álvaro Fidalgo,Drills,No,2025-12-21T00:00:00Z,75.1,61,5643.22289506217,91.59638739151599,334.020010969187,4.447669919696232,0.05918958318330039,1201.38413456013,0,0,23.0052002906799,25,26,51,87.3980522912703,4.68707942962646,-5.33999538421631,0,36,0.8122503328894808,3,262.1941568738109
Cristian Borja,Drills,No,2025-12-21T00:00:00Z,75.1,64,4564.19602262557,71.24913787602551,251.628981916391,3.350585644692291,0.0551310637555924,790.009041775276,44.4544674416007,3,27.5243997573853,29,23,52,99.7316008405902,4.84416532516479,-5.66166496276855,0,3,0.85219707057257,3,299.1948025217706
Jose Zuniga,Drills,No,2025-12-21T00:00:00Z,75.1,64,5126.72468257462,80.030461432955,170.672020247186,2.27259680755241,0.0332906545239866,829.840671322198,24.8032770004885,2,26.0309998512268,37,33,70,67.4292939881819,5.46541213989258,-5.01707935333252,0,3,0.85219707057257,3,202.2878819645457
Allan Maximin,Drills,No,2025-12-21T00:00:00Z,75.1,64,4664.53142154012,72.81484991776149,510.421805945187,6.796561996607018,0.109426169494353,865.264151974082,94.5692919009642,5,27.9539998054505,31,24,55,63.6905952292358,4.37541818618774,-5.06499862670898,0,3,0.85219707057257,3,191.0717856877074
Miguel  Vazquez,Drills,No,2025-12-21T00:00:00Z,75.1,64,5175.02078291986,80.78522585303955,332.264572896665,4.424295244962251,0.0642054567188026,968.2476615614,17.9567820082342,1,26.5187999725342,24,27,51,71.850049460601,4.76999568939209,-6.4616641998291,0,3,0.85219707057257,3,215.550148381803
Sebastián Cáceres,Drills,No,2025-12-21T00:00:00Z,75.1,64,5311.653591159,82.9168528123478,508.696842395529,6.773593107796659,0.09576995819950129,1289.82762736597,54.0377375815311,4,26.9279997825623,44,52,96,75.3037772118538,4.88082885742188,-6.18374824523926,0,3,0.85219707057257,3,225.9113316355614
Alexis Gutierrez,Drills,No,2025-12-21T00:00:00Z,75.1,64,5895.8824026297,92.03975151627742,334.020010969187,4.447669919696232,0.0566530992579171,1243.89807904563,0,0,23.0052002906799,26,27,53,91.5839450749995,4.68707942962646,-5.33999538421631,0,3,0.85219707057257,3,274.7518352249985
Nestor Araujo,Drills,No,2025-12-21T00:00:00Z,75.1,64,5061.63052368902,79.01328468696029,82.9908942893802,1.105071828087619,0.0163960790699703,762.241955174132,11.5583194717622,1,24.7602001190185,35,22,57,64.9510510736531,5.34291219711304,-4.98291158676147,0,3,0.85219707057257,3,194.8531532209593
Diego Arriaga,Drills,No,2025-12-21T00:00:00Z,75.1,64,5348.44934433632,83.49124796029223,360.6575568836,4.802364272750999,0.067432172142663,920.545447251272,24.5493742354833,2,27.3930004119873,29,32,61,80.1695202108654,4.30332946777344,-5.47874212265015,0,3,0.85219707057257,3,240.5085606325962
Kevin Álvarez,Drills,No,2025-12-21T00:00:00Z,75.1,64,5800.59429580877,90.55175172330588,1041.90875782691,13.87361861287497,0.179621036172059,1641.51733528335,462.370706500287,9,27.4434001922607,33,34,67,72.2311531196293,4.78583192825317,-7.24624395370483,0,3,0.85219707057257,3,216.6934593588879
Israel Reyes,Drills,No,2025-12-21T00:00:00Z,75.1,64,5315.6920469362,82.9822694520272,240.068284104932,3.196648257056351,0.0451621880999107,906.024079451645,0,0,23.0286000251769,27,29,56,77.774677112675,4.12749671936035,-6.1224946975708,0,3,0.85219707057257,3,233.324031338025
Ramón Juárez,Drills,No,2025-12-21T00:00:00Z,75.1,64,4706.20365311476,73.46536698231236,355.948287609326,4.739657624624847,0.07563384711873761,1031.57551098339,28.7310374412688,3,25.1021999359131,33,31,64,62.5117216105753,4.76916265487671,-6.73499441146851,0,3,0.85219707057257,3,187.5351648317259
Rodrigo Aguirre,Drills,No,2025-12-21T00:00:00Z,75.1,64,4780.96842922045,74.63363446637275,268.335714387046,3.573045464541225,0.0561258076391018,841.821815239981,19.6193566581916,2,24.4367998123169,27,18,45,59.0313359667928,4.50749683380127,-5.32499217987061,0,3,0.85219707057257,3,177.0940079003784
Brian Rodriguez,Drills,No,2025-12-22T00:00:00Z,87.2,36,1685.92515035571,46.50571417730635,13.5106989986499,0.1549392087001135,0.00801381899771727,270.32963580129,0,0,21.8099999427795,18,16,34,22.3768453754667,4.40999889373779,-5.34541511535645,0,15,0.4128440366972477,3,67.1305361264001
Miguel  Vazquez,Drills,No,2025-12-22T00:00:00Z,87.2,41,2695.00749931884,64.50652840917466,12.6695647816426,0.145293174101406,0.00470112412853947,408.847358794375,0,0,22.281000137329,26,29,55,45.9135335478204,4.281662940979,-5.40832853317261,0,46,0.4701834862385321,3,137.7406006434612
Sebastián Cáceres,Drills,No,2025-12-22T00:00:00Z,87.2,41,3131.17864742388,74.94922240346952,19.58577689271,0.2246075331732798,0.00625508126431043,702.201095968448,0,0,23.2739999771117,63,60,123,48.9605709327344,4.83791446685791,-5.18999910354614,0,46,0.4701834862385321,3,146.8817127982032
Rodrigo Aguirre,Drills,No,2025-12-22T00:00:00Z,87.2,36,1738.68756527132,47.96114877169038,47.1096450240802,0.5402482227532133,0.027094945615907,341.362872529235,14.8989372189842,1,26.4186000823974,35,15,50,26.6526571772233,5.56791257858276,-4.89457845687866,0,15,0.4128440366972477,3,79.9579715316699
Jose Zuniga,Drills,No,2025-12-22T00:00:00Z,87.2,36,1730.5471237098,47.73571940573935,28.74496884134,0.3296441380887615,0.0166103357993043,373.066964042317,0,0,22.7621998786926,36,15,51,29.774637187754,5.44082832336426,-5.0720796585083,0,15,0.4128440366972477,3,89.323911563262
Allan Maximin,Drills,No,2025-12-22T00:00:00Z,87.2,49,1567.03522206376,33.25014970500106,6.74223362193672,0.07731919291211835,0.00430254121094823,181.69888771701,0,0,22.1508004188537,16,11,27,22.7640961298247,5.27916765213013,-5.25374841690063,0,59,0.5619266055045872,3,68.2922883894741
Cristian Borja,Drills,No,2025-12-22T00:00:00Z,87.2,41,2731.04076769834,65.36770121905408,37.1700764818271,0.4262623449750814,0.0136102239561782,464.354031454435,0,0,24.3246002197266,40,38,78,71.9389888447589,4.97249937057495,-5.75249910354614,0,46,0.4701834862385321,3,215.8169665342767
Patricio Salas,Drills,No,2025-12-22T00:00:00Z,87.2,36,1839.99484016773,50.75404466279443,29.1127551297235,0.3338618707537098,0.0158221938965164,307.589476458951,0,0,23.2067996978759,25,11,36,69.2543329167044,5.40499925613403,-5.27458238601685,0,15,0.4128440366972477,3,207.7629987501132
Álvaro Fidalgo,Drills,No,2025-12-22T00:00:00Z,87.2,36,1691.44526203517,46.65626872108781,22.1260146977384,0.2537387006621376,0.0130811296081294,217.832535626784,0,0,23.7198002815247,23,7,30,24.0049870969705,5.03207921981812,-4.5999960899353,0,15,0.4128440366972477,3,72.0149612909115
Santiago Naveda,Drills,No,2025-12-22T00:00:00Z,87.2,49,2664.79006634245,54.91789282114281,0,0,0,308.021699868631,0,0,21.2910000801086,28,10,38,25.8279773400472,4.48374891281128,-4.88124656677246,0,59,0.5619266055045872,3,77.48393202014161
Igor Lichnovsky,Drills,No,2025-12-22T00:00:00Z,87.2,41,2807.70041325252,67.20309275525028,58.9966119821683,0.6765666511716547,0.0210124312778175,656.884072974592,0,0,23.5013998031616,35,62,97,44.5758376122073,5.2899956703186,-6.13457870483398,0,46,0.4701834862385321,3,133.7275128366219
Ramón Juárez,Drills,No,2025-12-22T00:00:00Z,87.2,41,3058.46646916315,73.20437218506098,16.200326311502,0.1857835586181422,0.00529687883612296,500.56953858659,0,0,22.0656000137329,16,35,51,46.9523168881305,5.34457874298096,-5.04707908630371,0,46,0.4701834862385321,3,140.8569506643915
Israel Reyes,Drills,No,2025-12-22T00:00:00Z,87.2,41,3293.70993108213,78.83586616386403,14.5656493556794,0.1670372632532041,0.00442226233045783,535.314817792908,0,0,22.2030000686645,38,40,78,54.3457921351923,4.80666208267212,-5.57041168212891,0,46,0.4701834862385321,3,163.0373764055769
Victor Davila,Drills,No,2025-12-22T00:00:00Z,87.2,36,1739.46936079678,47.98094963580673,0,0,0,278.290010434766,0,0,22.1466004371643,17,11,28,13.1962952498577,4.60208225250244,-6.78833150863647,0,15,0.4128440366972477,3,39.5888857495731
Diego Arriaga,Drills,No,2025-12-22T00:00:00Z,87.2,41,2648.87782742895,63.40137692956952,39.9566035958611,0.458217931145196,0.0150843512607918,502.39800353724,0,0,23.9477997779846,51,45,96,45.67496790656,5.04040956497192,-5.93124437332153,0,46,0.4701834862385321,3,137.02490371968
Isaias Violante,Drills,No,2025-12-22T00:00:00Z,87.2,41,2769.09667146079,66.27936582732518,100.902205900357,1.157135388765562,0.0364386721995977,438.639104761993,27.0201339171303,3,25.5336001396178,35,38,73,37.774557953287,4.48124647140503,-5.9974946975708,0,46,0.4701834862385321,3,113.323673859861
Henry Martín,Drills,No,2025-12-22T00:00:00Z,87.2,36,1760.24001025532,48.55455004221242,15.6428602375279,0.179390599054219,0.00888677688632868,291.643714519333,0,0,22.4879997253418,21,11,32,30.0096323111202,4.99541902542114,-5.36792182922363,0,15,0.4128440366972477,3,90.0288969333606
Kevin Álvarez,Drills,No,2025-12-22T00:00:00Z,87.2,41,2686.26570893634,64.29626273498583,45.8469235040005,0.5257674713761525,0.0170671588262779,519.600532270622,0,0,22.9223997116089,50,53,103,35.0645740893432,5.21458148956299,-5.90916204452515,0,46,0.4701834862385321,3,105.1937222680296
Alejandro Zendejas,Drills,No,2025-12-22T00:00:00Z,87.2,36,1953.8887719821,53.89616734274838,23.6180265921253,0.2708489288087764,0.0120877027038577,300.404460352882,0,0,22.6973997116089,20,5,25,29.2521505153746,4.84249591827393,-4.33916282653809,0,15,0.4128440366972477,3,87.7564515461238
Erick Sanchez,Drills,No,2025-12-22T00:00:00Z,87.2,36,1669.53769106034,46.05345954661119,32.146553500278,0.368653136471078,0.0192547635626372,310.605854794056,12.3337188615369,1,25.6650000572205,22,19,41,27.1172556947132,4.90291833877563,-5.30333518981934,0,15,0.4128440366972477,3,81.3517670841396
Nestor Araujo,Drills,No,2025-12-22T00:00:00Z,87.2,41,2909.46961082507,69.63702231483754,24.1840672942934,0.2773402212648325,0.008312191062011191,458.774237000583,0,0,21.5610002517701,37,44,81,42.6053760421824,4.45041036605835,-4.99040985107422,0,46,0.4701834862385321,3,127.8161281265472
Ralph Orquin,Drills,No,2025-12-22T00:00:00Z,87.2,41,2640.74282107096,63.20918559852617,48.4270927653907,0.5553565684104438,0.0183384358291092,506.895650843288,0,0,23.3244000434876,40,45,85,31.9606941728515,4.58457708358765,-4.89457654953003,0,46,0.4701834862385321,3,95.8820825185545
Alexis Gutierrez,Drills,No,2025-12-22T00:00:00Z,87.2,36,1663.7657854207,45.89276715945293,21.7539411809984,0.2494718025343853,0.0130751223349011,342.478657936794,0,0,23.8866002082825,31,13,44,27.8212194071272,5.13499546051025,-5.02249574661255,0,15,0.4128440366972477,3,83.46365822138159
Alan Cervantes,Drills,No,2025-12-22T00:00:00Z,87.2,41,2610.16997603415,62.47589431731738,40.351791676341,0.4627499045451949,0.0154594497855848,400.148697651316,0,0,23.7192003250122,19,30,49,39.0025908402098,5.85998773574829,-4.78665494918823,0,46,0.4701834862385321,3,117.0077725206294
Alexis Gutierrez,Drills,No,2025-12-23T00:00:00Z,75.38,61,4702.63230935162,76.2197624358025,137.329877478236,1.821834405389175,0.0292027673958567,1010.84994521724,39.0140043896259,4,26.7605998992919,56,27,83,82.1089150826615,4.85874557495117,-5.36749458312988,0,42,0.8092332183603078,3,246.3267452479845
Nestor Araujo,Drills,No,2025-12-23T00:00:00Z,75.38,61,4387.99845013755,71.12097891553246,0,0,0,582.686905563557,0,0,20.4828000068665,53,31,84,61.2789133035743,5.80957841873169,-4.70791006088257,0,42,0.8092332183603078,3,183.8367399107229
Diego Arriaga,Drills,No,2025-12-23T00:00:00Z,75.38,58,4169.5519611934,71.573533163279,129.351717024089,1.715995184718612,0.0310229296164152,741.498502774847,28.8339146222172,2,29.25,38,26,64,67.6904678721987,5.23957872390747,-4.52332925796509,0,15,0.7694348633589813,3,203.0714036165961
Kevin Álvarez,Drills,No,2025-12-23T00:00:00Z,75.38,61,4346.57453457873,70.44653245382894,101.941641501345,1.352369879296166,0.0234533287512636,849.838501711666,36.3258837407933,2,30.8556003570557,55,37,92,51.7566161454744,5.50874614715576,-6.30582809448242,0,42,0.8092332183603078,3,155.2698484364232
Ramón Juárez,Drills,No,2025-12-23T00:00:00Z,75.38,61,4271.75560466625,69.23354050198675,0,0,0,700.970886019323,0,0,21.0666000366211,46,41,87,64.1533168878188,5.12541246414185,-6.67415714263916,0,42,0.8092332183603078,3,192.4599506634564
Israel Reyes,Drills,No,2025-12-23T00:00:00Z,75.38,61,4622.40442097693,74.91761600074982,38.6339908743693,0.5125230946453875,0.00835798587831139,788.735201132857,0,0,24.1085998535155,49,50,99,77.6139378660884,5.24749565124512,-6.18749094009399,0,42,0.8092332183603078,3,232.8418135982652
Rodrigo Aguirre,Drills,No,2025-12-23T00:00:00Z,75.38,61,4377.28438441813,70.94502484213524,247.764337864653,3.28687102500203,0.056602294049393397,941.661181077717,88.9432455967249,6,29.8062000274659,52,39,91,59.5555699446065,4.99957895278931,-5.91207456588745,0,42,0.8092332183603078,3,178.6667098338195
Alan Cervantes,Drills,No,2025-12-23T00:00:00Z,75.38,61,4670.67592928587,75.70018091863062,78.8277226335571,1.045737896438805,0.0168771552184331,611.638683616591,0,0,23.5541999816895,22,21,43,72.196555935918,4.68915700912476,-4.58332395553589,0,42,0.8092332183603078,3,216.589667807754
Erick Sanchez,Drills,No,2025-12-23T00:00:00Z,75.38,61,4530.45932965836,73.42701931639881,128.58924625748,1.705880157302733,0.0283832690905487,921.612908572074,41.0337840776152,3,26.2920003890992,39,57,96,70.7277857061818,4.92750215530396,-5.67041873931885,0,42,0.8092332183603078,3,212.1833571185454
Ralph Orquin,Drills,No,2025-12-23T00:00:00Z,75.38,61,4698.75522320301,76.15568871413538,155.903092386704,2.068228872203556,0.0331796582245518,888.477643988266,66.9619665034042,4,29.0267995834351,45,42,87,55.8039837649515,4.85165643692017,-6.76165676116943,0,42,0.8092332183603078,3,167.4119512948545
Isaias Violante,Drills,No,2025-12-23T00:00:00Z,75.38,61,4482.92359745229,72.6565881364819,141.728844256251,1.880191619212669,0.0316152709666518,796.649538769593,28.8339146222172,2,29.25,39,28,67,72.7453245525412,5.23957872390747,-4.52332925796509,0,42,0.8092332183603078,3,218.2359736576236
Henry Martín,Drills,No,2025-12-23T00:00:00Z,75.38,61,4509.53588806759,73.09066857670729,89.3100885303475,1.184798202843559,0.0198047184338117,771.709643074169,8.47525086532458,1,24.63899974823,38,31,69,59.4660464946232,4.66917085647583,-8.48417472839355,0,42,0.8092332183603078,3,178.3981394838696
Alejandro Zendejas,Drills,No,2025-12-23T00:00:00Z,75.38,61,4293.98013595593,69.59279978535254,159.495027342158,2.115879906369833,0.037143867063244,779.15654312496,26.3000895737671,2,27.1793998718262,43,19,62,57.4282604193424,4.72791242599487,-5.19249582290649,0,42,0.8092332183603078,3,172.2847812580272
Santiago Naveda,Drills,No,2025-12-23T00:00:00Z,75.38,61,4740.22017802169,76.82586963474328,90.0037877229312,1.194000898420419,0.0189872588915256,979.305126134891,14.531333647495,1,26.6153998374939,50,47,97,66.2050989420082,4.53874635696411,-6.0737452507019,0,42,0.8092332183603078,3,198.6152968260246
Igor Lichnovsky,Drills,No,2025-12-23T00:00:00Z,75.38,61,4136.02803850284,67.03438144351209,39.8463540457597,0.5286064479405639,0.009633966132440261,728.201843301386,0,0,23.928600025177,56,40,96,56.521362465974,5.00166320800781,-4.94374561309814,0,42,0.8092332183603078,3,169.564087397922
Patricio Salas,Drills,No,2025-12-23T00:00:00Z,75.38,61,4631.95037546183,75.0701014364036,116.774835743055,1.549148789374569,0.025210726859614,966.683533522054,41.9903009625842,4,26.9933999061584,50,50,100,62.177926285021,4.72416543960571,-5.73291540145874,0,42,0.8092332183603078,3,186.533778855063
Álvaro Fidalgo,Drills,No,2025-12-23T00:00:00Z,75.38,61,4792.40900075229,77.87216861252949,85.4156491577619,1.133134109283124,0.0178231134163119,874.114913517211,13.9085412136543,1,26.2469996452332,37,43,80,59.6634201475411,4.73749876022339,-5.99874544143677,0,32,0.8092332183603078,3,178.9902604426233
Cristian Borja,Drills,No,2025-12-23T00:00:00Z,75.38,61,4140.86765253997,67.11274663018149,157.627469435018,2.091104662178536,0.0380662901260152,745.583064341113,87.1174600514071,6,27.3185997962951,42,35,77,98.347904669526,5.1129150390625,-5.71041536331177,0,42,0.8092332183603078,3,295.043714008578
Jose Zuniga,Drills,No,2025-12-23T00:00:00Z,75.38,61,4244.94235381888,68.7998998455244,54.525238541264,0.723338266665747,0.0128447535906374,870.988731578008,6.84340725700783,1,24.1919998168945,66,24,90,62.7254215443863,4.45457983016968,-6.32916164398193,0,42,0.8092332183603078,3,188.1762646331589
Allan Maximin,Drills,No,2025-12-23T00:00:00Z,75.38,61,3466.33184968114,56.18041895755493,137.250468337027,1.820780954325113,0.0395953054378371,527.923318277383,34.0261251066457,3,25.9926003456116,27,21,48,51.6976131957074,4.60875177383423,-6.88374900817871,0,42,0.8092332183603078,3,155.0928395871222
Miguel  Vazquez,Drills,No,2025-12-23T00:00:00Z,75.38,61,4124.97770738466,66.856114718440935,6.79457096311583,0.09013758242392983,0.00164717762012434,579.910273450479,0,0,23.2625999450683,45,52,97,66.6162896699964,4.89541292190552,-5.77082824707031,0,42,0.8092332183603078,3,199.8488690099892
Sebastián Cáceres,Drills,No,2025-12-23T00:00:00Z,75.38,61,4588.31252082034,74.36507155589842,44.6766728342488,0.5926860285785195,0.009737059677500139,896.57453020349806,7.02380392989194,1,24.7080001831055,79,68,147,62.8718099936356,4.94374656677246,-8.06083106994629,0,42,0.8092332183603078,3,188.6154299809068
Alexis Gutierrez,Drills,No,2025-12-24T00:00:00Z,81.56,71,6391.87452071421,88.92710816891302,347.89729997857,4.265538253783349,0.05442805531478059,1411.5358801159,143.32538312292,7,28.7999997138977,51,48,99,104.639458874993,4.51916313171387,-5.28749561309814,0,52,0.8705247670426679,3,313.918376624979
Nestor Araujo,Drills,No,2025-12-24T00:00:00Z,81.56,70,4169.57298470454,59.39830597350603,338.371187821434,4.148739428904291,0.0811524798972695,729.80023571737,97.8811720815885,5,28.4135999679565,46,28,74,57.8246143828573,4.80332612991333,-5.98124551773071,0,12,0.8582638548307994,3,173.4738431485719
Diego Arriaga,Drills,No,2025-12-24T00:00:00Z,81.56,71,5470.26162318396,76.10639949335264,420.010567718033,5.149712698847878,0.0767807093426669,1087.77797210315,158.144068218279,8,29.2968000411987,39,51,90,88.157292887654,5.90791130065918,-6.21457767486572,0,53,0.8705247670426679,3,264.471878662962
Kevin Álvarez,Drills,No,2025-12-24T00:00:00Z,81.56,71,5731.19597522686,79.73549444092262,301.367745586127,3.695043472120243,0.0525837446300548,1046.48209559094,107.049888571943,6,27.5544001579284,48,49,97,68.371743227152,5.96583223342896,-6.84791469573975,0,52,0.8705247670426679,3,205.115229681456
Ramón Juárez,Drills,No,2025-12-24T00:00:00Z,81.56,71,5275.20702648666,73.39095125993279,208.886270131773,2.561136220350331,0.0395977388343171,881.343361340362,67.3796432737844,5,26.2559998512268,42,41,83,73.2077506631696,4.62499570846558,-6.56332778930664,0,52,0.8705247670426679,3,219.6232519895088
Israel Reyes,Drills,No,2025-12-24T00:00:00Z,81.56,61,4554.33396138769,74.46609503602893,152.618886116914,1.871246764552648,0.0335106927622874,617.868578732467,90.2126180330087,5,29.4683996200562,33,40,73,71.9516300602057,5.09040927886963,-7.18082761764526,0,9,0.7479156449239823,3,215.8548901806171
Rodrigo Aguirre,Drills,No,2025-12-24T00:00:00Z,81.56,71,5604.56493779114,77.97402432557978,467.954008578963,5.737543018378654,0.0834951532854202,1015.43632088278,244.70687702536,12,29.9718000411986,37,34,71,78.3072490658238,5.64415836334229,-5.85082483291626,0,52,0.8705247670426679,3,234.9217471974714
Alan Cervantes,Drills,No,2025-12-24T00:00:00Z,81.56,71,6355.30923727239,88.41636312624478,220.263647262775,2.700633242554868,0.034658210802864,941.339427066092,47.6651723120277,3,25.074599647522,30,27,57,98.7246910080115,4.51540756225586,-6.20498704910278,0,52,0.8705247670426679,3,296.1740730240345
Erick Sanchez,Drills,No,2025-12-24T00:00:00Z,81.56,71,5748.9267361091,79.98210018098945,151.976531852013,1.863370915301778,0.0264356355243574,827.637293293805,36.203618623852996,2,27.9702000617981,34,43,77,84.2247935002325,4.58833456039429,-6.05916881561279,0,52,0.8705247670426679,3,252.6743805006975
Ralph Orquin,Drills,No,2025-12-24T00:00:00Z,81.56,71,6051.53684340486,84.19041460884391,511.365038967631,6.26980185100087,0.0845016815067286,1228.93105927444,206.852683717304,10,28.650600528717,50,52,102,69.880440605369,4.89582347869873,-5.94332075119019,0,53,0.8705247670426679,3,209.641321816107
Isaias Violante,Drills,No,2025-12-24T00:00:00Z,81.56,71,5402.19116571092,75.15673793056276,267.756098806581,3.282934021659894,0.0495643509445014,730.725238101679,104.631306027733,6,29.0934001922607,34,26,60,58.2875011490157,4.6183295249939,-4.87082958221436,0,53,0.8705247670426679,3,174.8625034470471
Henry Martín,Drills,No,2025-12-24T00:00:00Z,81.56,71,5843.87079473175,81.30225790894451,211.371600253927,2.591608634795574,0.0361697935629376,1131.20358755978,77.3547971456317,5,27.9006002426148,48,57,105,81.115959036901,5.09292125701904,-5.08542156219482,0,52,0.8705247670426679,3,243.347877110703
Alejandro Zendejas,Drills,No,2025-12-24T00:00:00Z,81.56,71,5898.38342509143,82.05989823302257,474.287022120845,5.815191541452243,0.0804096627735749,1254.78554729008,209.248047690353,10,29.0261999130249,73,41,114,64.2493509284958,5.27541255950928,-5.2062463760376,0,53,0.8705247670426679,3,192.7480527854874
Santiago Naveda,Drills,No,2025-12-24T00:00:00Z,81.56,71,6478.1292125611,90.12547771339473,141.907267800337,1.739912552726054,0.021905593905904,1237.72220506287,50.3032368613671,3,26.6640000343322,38,46,84,89.3376619822215,4.31457996368408,-5.80166530609131,0,53,0.8705247670426679,3,268.0129859466645
Igor Lichnovsky,Drills,No,2025-12-24T00:00:00Z,81.56,70,3914.64765960328,55.76880611394073,430.950418076921,5.283845243709183,0.11008664266878,849.406801969388,218.242378280103,9,27.7674001693726,68,58,126,55.0145541260502,5.47666263580322,-6.60999727249146,0,12,0.8582638548307994,3,165.0436623781506
Patricio Salas,Drills,No,2025-12-24T00:00:00Z,81.56,66,5546.48373420404,83.4291891589224,110.901761163961,1.35975675777294,0.0199949673484216,871.705537756367,11.8269784465915,1,24.8868000984192,40,40,80,76.3499997368218,5.29708242416382,-4.9820818901062,0,28,0.8092202059833251,3,229.0499992104654
Álvaro Fidalgo,Drills,No,2025-12-24T00:00:00Z,81.56,71,6549.12559342061,91.1161562874453,161.693484759921,1.982509621872499,0.0246893241629633,1098.45032383662,55.2174010682699,2,28.4832000732422,50,37,87,83.2156657519207,6.48958206176758,-5.98624849319458,0,52,0.8705247670426679,3,249.6469972557621
Cristian Borja,Drills,No,2025-12-24T00:00:00Z,81.56,71,5262.65648653661,73.21515437728893,352.033951768267,4.316257378227894,0.0668928235519211,986.615799602841,109.391294869369,6,30.0060001373291,41,34,75,127.095027319126,4.59541273117065,-5.72416543960571,0,53,0.8705247670426679,3,381.285081957378
Jose Zuniga,Drills,No,2025-12-24T00:00:00Z,81.56,71,5491.86125914103,76.40584688033154,198.310617438297,2.43146907109241,0.036109910298301,903.438499709762,77.4114793001966,6,30.5465995788573,60,41,101,75.8782901838127,4.87457942962646,-5.01749563217163,0,53,0.8705247670426679,3,227.6348705514381
Allan Maximin,Drills,No,2025-12-24T00:00:00Z,81.56,71,4434.72950667975,61.69800921950736,229.903633456967,2.81882826700548,0.0518416361382757,569.149964199514,125.002718149708,6,27.6522002220154,38,30,68,68.4283662989828,5.2770848274231,-8.73500347137451,0,53,0.8705247670426679,3,205.2850988969484
Miguel  Vazquez,Drills,No,2025-12-24T00:00:00Z,81.56,71,5275.15421154755,73.38970596116907,172.285761691113,2.112380599449645,0.0326598531117766,742.75107703141,48.5342745682385,4,27.0743997573852,43,43,86,81.2999840503364,6.34541130065918,-5.73207902908325,0,52,0.8705247670426679,3,243.8999521510092
Sebastián Cáceres,Drills,No,2025-12-24T00:00:00Z,81.56,61,4469.33085950712,73.0702695640543,128.249629052584,1.57245744301844,0.0286954877774986,675.466449662356,81.6574312306704,4,32.9501998901367,51,55,106,60.9172372594289,5.19499921798706,-8.20041465759277,0,10,0.7479156449239823,3,182.7517117782867
Miguel  Vazquez,Drills,No,2025-12-26T00:00:00Z,60.51,54,4729.37263650698,86.1250886072226,535.531050551656,8.850290043821781,0.113235114192057,858.467388294396,0,0,23.8787999153138,24,20,44,64.9526254614453,4.34957933425903,-4.78207921981812,0,55,0.8924144769459593,3,194.8578763843359
Rodrigo Aguirre,Drills,No,2025-12-26T00:00:00Z,60.51,54,5070.02686824349,92.32835336338371,347.441766343424,5.741890040380499,0.0685285848324893,952.124856595576,22.6433170285607,2,24.9300004005432,24,10,34,65.1755650109358,3.93166351318359,-5.35790920257568,0,54,0.8924144769459593,3,195.5266950328074
Sebastián Cáceres,Drills,No,2025-12-26T00:00:00Z,60.51,54,5058.54961056299,92.11850657056989,643.825035605302,10.63997745174851,0.127274631103924,1166.50656675722,457.204176785121,9,29.4113997459413,58,29,87,65.8510094201792,5.95916175842285,-6.86832809448242,0,54,0.8924144769459593,3,197.5530282605376
Jose Zuniga,Drills,No,2025-12-26T00:00:00Z,60.51,54,4858.50372961558,88.47826478716937,259.47072734219,4.288063581923484,0.053405480736909997,1002.9905997556,0,0,23.7090002059937,36,12,48,66.1623734017293,4.41416311264038,-4.03583002090454,0,54,0.8924144769459593,3,198.4871202051879
Allan Maximin,Drills,No,2025-12-26T00:00:00Z,60.51,54,4274.30763480612,77.83922703245412,520.111529540308,8.595464047931053,0.121683223103781,738.018492207464,221.442680238414,6,30.4548002243043,18,7,25,62.4870857182982,4.86416530609131,-4.92374897003174,0,54,0.8924144769459593,3,187.4612571548946
Cristian Borja,Drills,No,2025-12-26T00:00:00Z,60.51,54,4532.84659835305,82.54746864716364,382.807021535153,6.32634310915804,0.08445179275959619,802.57805819655,148.330947903954,4,25.058399963379,18,11,29,101.172642116178,4.66791582107544,-4.49249887466431,0,54,0.8924144769459593,3,303.517926348534
Álvaro Fidalgo,Drills,No,2025-12-26T00:00:00Z,60.51,54,5444.4052553555,99.14421195606766,670.70547760741,11.08420885155198,0.123191688742798,1134.76216738982,481.491417254345,9,29.1102001190185,31,13,44,67.0125670135628,4.59082937240601,-5.2229151725769,0,55,0.8924144769459593,3,201.0377010406884
Patricio Salas,Drills,No,2025-12-26T00:00:00Z,60.51,54,4839.64674389093,88.1271030754039,44.9574414240293,0.7429753995046984,0.00928940557092912,648.968653865336,0,0,22.9859999656677,30,31,61,61.7524804267926,4.6208348274231,-5.90500164031982,0,55,0.8924144769459593,3,185.2574412803778
Santiago Naveda,Drills,No,2025-12-26T00:00:00Z,60.51,54,5190.61423864,94.52375085540852,265.332469734181,4.384935873974236,0.05111774012389361,818.863591873146,49.7264523964603,1,24.0245999336242,18,12,30,70.480072169887,4.11332988739014,-4.5883321762085,0,55,0.8924144769459593,3,211.440216509661
Israel Reyes,Drills,No,2025-12-26T00:00:00Z,60.51,54,5117.92699110126,93.20234176684987,242.285382123962,4.004055232589026,0.0473405311457613,871.417948546201,0,0,23.4234003067017,32,21,53,79.4665957855911,4.18916320800781,-5.56915855407715,0,55,0.8924144769459593,3,238.3997873567733
Igor Lichnovsky,Drills,No,2025-12-26T00:00:00Z,60.51,54,5045.11740399855,91.87362109004832,643.439898931108,10.63361260834751,0.127537150755133,1091.69346760002,460.946461441927,9,29.1618000984193,36,20,56,63.8740951952808,4.39166259765625,-5.1058292388916,0,54,0.8924144769459593,3,191.6222855858424
Ramón Juárez,Drills,No,2025-12-26T00:00:00Z,60.51,54,4940.29928135223,89.9667522213017,323.907345437199,5.3529556343942986,0.0655643164493753,986.195344019793,0,0,23.6904001235962,34,17,51,69.3340795627537,4.49832677841187,-5.40790891647339,0,55,0.8924144769459593,3,208.0022386882611
Isaias Violante,Drills,No,2025-12-26T00:00:00Z,60.51,54,4752.77204608214,86.55304664003654,624.833709341672,10.32612310926578,0.131467216033797,927.792564725202,413.643386676985,8,28.5887998580932,27,18,45,54.3985416119918,4.41499662399292,-5.8083291053772,0,54,0.8924144769459593,3,163.1956248359754
Diego Arriaga,Drills,No,2025-12-26T00:00:00Z,60.51,54,4845.6181557377,88.24039156626047,651.308938928404,10.76365789007443,0.134411940436782,1072.06163019927,447.720027063351,8,30.3108003616333,41,24,65,74.8124566782128,5.07999563217163,-5.05166244506836,0,54,0.8924144769459593,3,224.4373700346384
Henry Martín,Drills,No,2025-12-26T00:00:00Z,60.51,54,5209.39203368168,94.86915937842242,673.709816085219,11.13385913213054,0.129325996532667,1284.45729591903,374.25758315719,7,29.1227997779845,35,22,57,75.3476514335086,4.42667102813721,-5.07833862304688,0,54,0.8924144769459593,3,226.0429543005258
Alejandro Zendejas,Drills,No,2025-12-26T00:00:00Z,60.51,54,5242.53727885352,95.47190397067152,364.639614634842,6.02610501792831,0.0695540337129628,1060.77361333237,68.1878209167023,3,27.1403995513916,30,23,53,56.6566585276049,4.44207954406738,-4.22374677658081,0,55,0.8924144769459593,3,169.9699755828147
Kevin Álvarez,Drills,No,2025-12-26T00:00:00Z,60.51,54,4726.28133908364,86.06722663840574,509.111832552391,8.41368092137483,0.107719324353869,1086.46127851679,346.80426801674,8,28.3062000274658,28,19,47,56.833310686037,4.44624662399292,-5.96916437149048,0,55,0.8924144769459593,3,170.499932058111
Erick Sanchez,Drills,No,2025-12-26T00:00:00Z,60.51,54,4646.61527674331,84.61493907371674,332.320087899819,5.491986248550967,0.0715187438829095,883.76913051181,107.96342521151,2,24.8070001602173,29,22,51,68.6906524898448,4.60666561126709,-5.57041501998901,0,55,0.8924144769459593,3,206.0719574695344
Nestor Araujo,Drills,No,2025-12-26T00:00:00Z,60.51,54,5229.6864564927,95.23556505560657,321.074275333785,5.30613576820005,0.0613945554871972,882.303525928992,52.0771490996611,2,25.0031999588013,32,19,51,68.2171795892337,5.03707599639893,-5.33499240875244,0,55,0.8924144769459593,3,204.6515387677011
Ralph Orquin,Drills,No,2025-12-26T00:00:00Z,60.51,54,5129.72168022385,93.4157166701867,353.950050390806,5.84944720526865,0.0689998546617758,1081.25114621904,77.8005139427476,4,28.2450001716613,38,33,71,61.7241005687563,5.0595760345459,-5.57832288742065,0,54,0.8924144769459593,3,185.1723017062689
Alexis Gutierrez,Drills,No,2025-12-26T00:00:00Z,60.51,54,5274.48971553839,96.05058331936294,714.233589313925,11.80356287083003,0.135412831919992,1279.00227754095,476.05717861445,10,29.3118003845214,35,25,60,82.0032292721717,4.85207939147949,-5.18124580383301,0,54,0.8924144769459593,3,246.0096878165151
Alan Cervantes,Drills,No,2025-12-26T00:00:00Z,60.51,54,4761.22365647849,86.70432784651857,229.7150913448,3.796316168315981,0.0482470700640647,831.906262211232,14.5632143875106,1,25.2,24,10,34,67.6705128768374,4.57165670394897,-6.05707120895386,0,55,0.8924144769459593,3,203.0115386305122
